alias All-SEDL-Staff sedl-staff@sedl.org
alias All-Austin-Staff austin-staff@sedl.org
alias Ada-Muoneke ada.muoneke@sedl.org
alias Amanda-Frenzel amanda.frenzel@sedl.org
alias Ann-Neeley ann.neeley@sedl.org
alias Ann-Williams ann.williams@sedl.org
alias April-West april.west@sedl.org
alias Beth-Howard-Brown beth.howard@sedl.org
alias Brenda-Arellano brenda.arellano@sedl.org
alias Brian-Litke brian.litke@sedl.org
alias Brian-Rollins brian.rollins@sedl.org
alias Camille-Chapman camille.chapman@sedl.org
alias Chad-Henry chad.henry@sedl.org
alias Cheryl-Harris cheryl.harris@sedl.org
alias Chris-Cox chris.cox@sedl.org
alias Chris-Times chris.times@sedl.org
alias Christine-Moses-Egan christine.moses-egan@sedl.org
alias Clifton-Pierron cliff.pierron@sedl.org
alias Concepcion-Molina como.molina@sedl.org
alias Connie-Laizure connie.laizure@sedl.org
alias Crystal-Darby crystal.darby@sedl.org
alias Dale-Lewis dale.lewis@sedl.org
alias Danny-Martinez danny.martinez@sedl.org
alias Darlene-Brown darlene.brown@sedl.org
alias Deborah-Jones deborah.jones@sedl.org
alias Debra-Meibaum debra.meibaum@sedl.org
alias Debra-Rodriguez debra.rodriguez@sedl.org
alias Don-Doggett don.doggett@sedl.org
alias Eduardo-Rocha eduardo.rocha@sedl.org
alias Edward-Tobia ed.tobia@sedl.org
alias Eric-Waters eric.waters@sedl.org
alias Erin-McCann erin.mccann@sedl.org
alias Esmeralda-Urquidi esmeralda.urquidi@sedl.org
alias Felice-Trirogoff felice.trirogoff@sedl.org
alias Garry-Davis garry.davis@sedl.org
alias Ginger-Stoker ginger.stoker@sedl.org
alias Glenda-Copeland glenda.copeland@sedl.org
alias Grace-Fleming grace.fleming@sedl.org
alias Haidee-Williams haidee.williams@sedl.org
alias Heidi-Goertzen heidi.goertzen@sedl.org
alias Heidi-Wagner heidi.wagner@sedl.org
alias Jack-Lumbley jack.lumbley@sedl.org
alias Jackie-Burniske jackie.burniske@sedl.org
alias Janice-Keizer janice.keizer@sedl.org
alias Jason-LaTurner jason.laturner@sedl.org
alias Joann-Starks joann.starks@sedl.org
alias John-Middleton john.middleton@sedl.org
alias John-Spence john.spence@sedl.org
alias John-Westbrook john.westbrook@sedl.org
alias Joni-Wackwitz joni.wackwitz@sedl.org
alias Judy-Waisath judy.waisath@sedl.org
alias Kate-Sullivan kate.sullivan@sedl.org
alias Kathleen-Murphy kathleen.murphy@sedl.org
alias Kathleen-Theodore kathleen.theodore@sedl.org
alias Kati-Timmons kati.timmons@sedl.org
alias Lacy-Wood lacy.wood@sedl.org
alias Laura-Costello laura.costello@sedl.org
alias Laura-Shankland laura.shankland@sedl.org
alias Leslie-Nail leslie.nail@sedl.org
alias Lisa-Raphael lisa.raphael@sedl.org
alias Loretta-King loretta.king@sedl.org
alias Lori-Foradory lori.foradory@sedl.org
alias Luis-Martinez luis.martinez@sedl.org
alias Lynn-Mellor lynn.mellor@sedl.org
alias Magdalena-Acuna magda.acuna@sedl.org
alias Margaret-Alvarez margaret.alvarez@sedl.org
alias Maria-Salazar maria.salazar@sedl.org
alias Maria-Turner maria.turner@sedl.org
alias Marion-Baldwin marion.baldwin@sedl.org
alias Martha-Boethel martha.boethel@sedl.org
alias Mary-Ann-Contreras maryann.contreras@sedl.org
alias Matt-Shuss matt.shuss@sedl.org
alias Melissa-Dodson melissa.dodson@sedl.org
alias Michael-Vaden-Kiernan michael.vaden-kiernan@sedl.org
alias Nance-Bell nance.bell@sedl.org
alias Nancy-Reynolds nancy.reynolds@sedl.org
alias Norma-Salas norma.salas@sedl.org
alias Petra-Ramirez petra.ramirez@sedl.org
alias Ramona-Chauvin ramona.chauvin@sedl.org
alias Rita-Ghazal rita.ghazal@sedl.org
alias Robin-Jarvis robin.jarvis@sedl.org
alias Robyn-Madison-Harris robyn.madison-harris@sedl.org
alias Rosemary-Jenschke rosemary.jenschke@sedl.org
alias Sandy-Rodriguez sandy.rodriguez@sedl.org
alias Sarah-Caverly sarah.caverly@sedl.org
alias Shaila-Abdullah shaila.abdullah@sedl.org
alias Shannon-Lasserre-Cortez shannon.lasserre-cortez@sedl.org
alias Steven-Boydston steven.boydston@sedl.org
alias Stuart-Ferguson stuart.ferguson@sedl.org
alias Sue-Liberty sue.liberty@sedl.org
alias Sylvia-Pirtle sylvia.pirtle@sedl.org
alias Tammie-Causey-Konate tammie.causey-konate@sedl.org
alias Tashanda-Moreno-Riley tashanda.riley@sedl.org
alias Tracy-Bauman tracy.bauman@sedl.org
alias Tracy-Long tracy.long@sedl.org
alias Veronica-Ruiz-de-Castilla veronica.ruizdecastilla@sedl.org
alias Vicki-Dimock vicki.dimock@sedl.org
alias Wes-Hoover wes.hoover@sedl.org
alias Zena-Rudo zena.rudo@sedl.org
